candidate,randomization,seed,command_vx,vx,vx_mae,abs_vx,yaw,abs_yaw,height,height_mae,abs_roll,abs_pitch,left_contact,right_contact,nonwheel_contact,slip_rms,torque_saturation,knee_mirror_m,wheel_mirror_m,encoder_vx_mae,action_clip,failure_count,timeout_count,passed,failed_checks
legacy_h3,0,19,0.0,-0.007559857331216335,0.007559857331216335,0.007559857331216335,0.00017298065358772874,0.0010650883195921779,0.4119308292865753,0.01193935889750719,0.0020863742101937532,0.002007677685469389,1.0,1.0,0.0,0.00046592470607720315,0.0,0.0005033067427575588,0.0023600473068654537,0.004253832623362541,0.0,0.0,0.0,True,
legacy_h3,0,19,-0.5,-0.4038863778114319,0.09611387550830841,0.4038863778114319,0.02096644788980484,0.02096644788980484,0.411557137966156,0.011552306823432446,0.001184617169201374,0.0037916649598628283,1.0,1.0,0.0,0.00043396290857344866,0.0,0.0011544463923200965,0.002769684186205268,0.02715504728257656,0.0,0.0,0.0,True,
legacy_h3,0,19,0.5,0.38016176223754883,0.11983843147754669,0.38016176223754883,-0.028274908661842346,0.028274908661842346,0.41382551193237305,0.013831771910190582,0.00263356976211071,0.0012956495629623532,1.0,1.0,0.0,0.0005593522801063955,0.0,0.004457270726561546,0.0059579163789749146,0.04031171649694443,0.0,0.0,0.0,False,vx_mae
legacy_h3,0,19,-1.0,-0.8683209419250488,0.13168126344680786,0.8683209419250488,0.006822484545409679,0.006822484545409679,0.410324364900589,0.01032063364982605,0.0017448856960982084,0.0028761900030076504,1.0,1.0,0.0,0.00023901808890514076,0.0,0.0089288130402565,0.013849804177880287,0.0403011292219162,0.0,0.0,0.0,False,vx_mae
legacy_h3,0,19,1.0,0.9464478492736816,0.05355232581496239,0.9464478492736816,-0.034210093319416046,0.034210093319416046,0.41979074478149414,0.019784875214099884,0.0016950592398643494,0.007950845174491405,1.0,1.0,0.0,0.000864753033965826,0.0,0.026749448850750923,0.044576697051525116,0.006531372666358948,0.0,0.0,0.0,True,
legacy_h3,0,37,0.0,-0.007550789043307304,0.007550789043307304,0.007550789043307304,0.00017981580458581448,0.0010624292772263288,0.41193079948425293,0.011939417570829391,0.002085221465677023,0.0020077493973076344,1.0,1.0,0.0,0.00046774736256338656,0.0,0.0005037897499278188,0.0023599588312208652,0.004260661080479622,0.0,0.0,0.0,True,
legacy_h3,0,37,-0.5,-0.403929740190506,0.0960702896118164,0.403929740190506,0.02096204273402691,0.02096204273402691,0.411557137966156,0.011552022770047188,0.001184728229418397,0.0037923059426248074,1.0,1.0,0.0,0.00042680048500187695,0.0,0.0011531573254615068,0.0027676161844283342,0.027120232582092285,0.0,0.0,0.0,True,
legacy_h3,0,37,0.5,0.3801628351211548,0.11983723938465118,0.3801628351211548,-0.028241386637091637,0.028241386637091637,0.4138253927230835,0.013831722550094128,0.002633643103763461,0.0012962126638740301,1.0,1.0,0.0,0.0005641851457767189,0.0,0.004457954317331314,0.00595894455909729,0.04031243920326233,0.0,0.0,0.0,False,vx_mae
legacy_h3,0,37,-1.0,-0.8683142066001892,0.13168801367282867,0.8683142066001892,0.0068232594057917595,0.0068232594057917595,0.4103243350982666,0.010320634581148624,0.001744901412166655,0.002876085229218006,1.0,1.0,0.0,0.00023219168360810727,0.0,0.008928251452744007,0.013848851434886456,0.04029538482427597,0.0,0.0,0.0,False,vx_mae
legacy_h3,0,37,1.0,0.9464638829231262,0.05353619530797005,0.9464638829231262,-0.03425223380327225,0.03425223380327225,0.4197912812232971,0.01978515461087227,0.001695107901468873,0.007952802814543247,1.0,1.0,0.0,0.0008755395538173616,0.0,0.026754554361104965,0.0445854589343071,0.006538946181535721,0.0,0.0,0.0,True,
legacy_h3,0,53,0.0,-0.0075486828573048115,0.0075486828573048115,0.0075486828573048115,0.00017978891264647245,0.001058169873431325,0.4119308888912201,0.011939449235796928,0.0020847420673817396,0.002007388975471258,1.0,1.0,0.0,0.00046523677883669734,0.0,0.0005033626221120358,0.0023589245975017548,0.004262331407517195,0.0,0.0,0.0,True,
legacy_h3,0,53,-0.5,-0.4038883447647095,0.09611184895038605,0.4038883447647095,0.020968550816178322,0.020968550816178322,0.41155722737312317,0.011552393436431885,0.0011844341643154621,0.003791633527725935,1.0,1.0,0.0,0.0004310149815864861,0.0,0.0011534651275724173,0.0027679395861923695,0.027153238654136658,0.0,0.0,0.0,True,
legacy_h3,0,53,0.5,0.38017308712005615,0.11982700228691101,0.38017308712005615,-0.028272751718759537,0.028272751718759537,0.41382548213005066,0.013831843622028828,0.0026337984018027782,0.001295542111620307,1.0,1.0,0.0,0.0005562923033721745,0.0,0.004456883296370506,0.005957127548754215,0.040302738547325134,0.0,0.0,0.0,False,vx_mae
legacy_h3,0,53,-1.0,-0.8683156371116638,0.1316864788532257,0.8683156371116638,0.006833158433437347,0.006833158433437347,0.41032421588897705,0.010320596396923065,0.0017448712605983019,0.0028763110749423504,1.0,1.0,0.0,0.00023627544578630477,0.0,0.008927492424845695,0.013847608119249344,0.04029712826013565,0.0,0.0,0.0,False,vx_mae
legacy_h3,0,53,1.0,0.9464584589004517,0.05354171246290207,0.9464584589004517,-0.03423650562763214,0.03423650562763214,0.419791042804718,0.019785070791840553,0.0016951761208474636,0.00795204658061266,1.0,1.0,0.0,0.0008653531549498439,0.0,0.026752499863505363,0.044581785798072815,0.006535551510751247,0.0,0.0,0.0,True,
legacy_h7_fixed,0,19,0.0,-0.0064932312816381454,0.0064932312816381454,0.0064932312816381454,-5.138155029271729e-05,0.0008284684736281633,0.41150081157684326,0.011506384238600731,0.002079143887385726,0.00045864444109611213,1.0,1.0,0.0,0.00036965456092730165,0.0,0.0006815448869019747,0.0026255338452756405,0.005113614723086357,0.0,0.0,0.0,True,
legacy_h7_fixed,0,19,-0.5,-0.3958328366279602,0.10416719317436218,0.3958328366279602,0.021087445318698883,0.021087445318698883,0.41101086139678955,0.011012265458703041,0.0012977358419448137,0.0026114557404071093,1.0,1.0,0.0,0.0004132235480938107,0.0,0.00033602764597162604,0.0015203587245196104,0.033106692135334015,0.0,0.0,0.0,False,vx_mae
legacy_h7_fixed,0,19,0.5,0.3726145625114441,0.12738557159900665,0.3726145625114441,-0.0370325967669487,0.0370325967669487,0.4134073257446289,0.013412974774837494,0.0025594672188162804,0.005220005754381418,1.0,1.0,0.0,0.000623408006504178,0.0,0.0038366816006600857,0.004961069673299789,0.04547145217657089,0.0,0.0,0.0,False,vx_mae
legacy_h7_fixed,0,19,-1.0,-0.8582532405853271,0.14174626767635345,0.8582532405853271,0.013337237760424614,0.013337237760424614,0.4095360040664673,0.009530467912554741,0.0019854751881211996,0.0033033303916454315,1.0,1.0,0.0,0.0002955750678665936,0.0,0.010457656346261501,0.0162410419434309,0.03195088729262352,0.0,0.0,0.0,False,vx_mae
legacy_h7_fixed,0,19,1.0,0.9188237190246582,0.0811762884259224,0.9188237190246582,-0.047857195138931274,0.047857195138931274,0.41936206817626953,0.019357632845640182,0.001685686525888741,0.0147659070789814,1.0,1.0,0.0,0.0009769705357030034,0.0,0.02403254620730877,0.03975801169872284,0.012295940890908241,0.0,0.0,0.0,True,
legacy_h7_fixed,0,37,0.0,-0.0064876689575612545,0.0064876689575612545,0.0064876689575612545,-4.740887015941553e-05,0.0007880423218011856,0.4115011394023895,0.011506447568535805,0.0020782246720045805,0.00045793940080329776,1.0,1.0,0.0,0.0003632758161984384,0.0,0.000682122481521219,0.0026258141733705997,0.005117913708090782,0.0,0.0,0.0,True,
legacy_h7_fixed,0,37,-0.5,-0.3958049714565277,0.10419522225856781,0.3958049714565277,0.02108389139175415,0.02108389139175415,0.41101089119911194,0.011012599803507328,0.001297463197261095,0.002610878087580204,1.0,1.0,0.0,0.0004181414551567286,0.0,0.00033564516343176365,0.0015195549931377172,0.03312908113002777,0.0,0.0,0.0,False,vx_mae
legacy_h7_fixed,0,37,0.5,0.3726155459880829,0.1273844987154007,0.3726155459880829,-0.03702068701386452,0.03702068701386452,0.41340702772140503,0.013412956148386002,0.0025594320613890886,0.005219799466431141,1.0,1.0,0.0,0.0006174675654619932,0.0,0.00383613258600235,0.004960204008966684,0.045470211654901505,0.0,0.0,0.0,False,vx_mae
legacy_h7_fixed,0,37,-1.0,-0.8582566976547241,0.14174318313598633,0.8582566976547241,0.013324392959475517,0.013324392959475517,0.40953636169433594,0.009530541487038136,0.0019852332770824432,0.0033032074570655823,1.0,1.0,0.0,0.00029388643451966345,0.0,0.010458797216415405,0.01624307967722416,0.03195324167609215,0.0,0.0,0.0,False,vx_mae
legacy_h7_fixed,0,37,1.0,0.9188340902328491,0.08116596192121506,0.9188340902328491,-0.04783876985311508,0.04783876985311508,0.419362336397171,0.019357871264219284,0.0016856666188687086,0.014766545966267586,1.0,1.0,0.0,0.0009686365374363959,0.0,0.024032996967434883,0.039758916944265366,0.012288227677345276,0.0,0.0,0.0,True,
legacy_h7_fixed,0,53,0.0,-0.006482447497546673,0.006482447497546673,0.006482447497546673,-7.71248887758702e-05,0.0008852786850184202,0.4115012288093567,0.011506607756018639,0.002077680081129074,0.0004593517805915326,1.0,1.0,0.0,0.0003827934851869941,0.0,0.0006793055217713118,0.0026209712959825993,0.005122463218867779,0.0,0.0,0.0,True,
legacy_h7_fixed,0,53,-0.5,-0.39583155512809753,0.1041685938835144,0.39583155512809753,0.021076643839478493,0.021076643839478493,0.41101086139678955,0.011012371629476547,0.001297724898904562,0.0026114280335605145,1.0,1.0,0.0,0.0004137968644499779,0.0,0.00033520429860800505,0.0015190658159554005,0.03310782462358475,0.0,0.0,0.0,False,vx_mae
legacy_h7_fixed,0,53,0.5,0.3726043999195099,0.1273956298828125,0.3726043999195099,-0.03701714053750038,0.03701714053750038,0.4134071469306946,0.01341291144490242,0.002559076528996229,0.005219227634370327,1.0,1.0,0.0,0.0006225830875337124,0.0,0.0038353088311851025,0.004959046840667725,0.04547923058271408,0.0,0.0,0.0,False,vx_mae
legacy_h7_fixed,0,53,-1.0,-0.8582521677017212,0.14174731075763702,0.8582521677017212,0.013326098211109638,0.013326098211109638,0.40953630208969116,0.009530534036457539,0.0019852514378726482,0.0033032363280653954,1.0,1.0,0.0,0.00029011271544732153,0.0,0.01045884657651186,0.01624315418303013,0.0319485180079937,0.0,0.0,0.0,False,vx_mae
legacy_h7_fixed,0,53,1.0,0.9188296794891357,0.08117033541202545,0.9188296794891357,-0.04786073789000511,0.04786073789000511,0.41936200857162476,0.019357696175575256,0.0016855442663654685,0.014766295440495014,1.0,1.0,0.0,0.0009749351884238422,0.0,0.02403399720788002,0.03976060077548027,0.012292281724512577,0.0,0.0,0.0,True,
legacy_h7_bounded,0,19,0.0,0.017139257863163948,0.017139257863163948,0.017139257863163948,0.004801848903298378,0.0064773824997246265,0.4130953550338745,0.013101126998662949,0.0020831723231822252,0.0010867069941014051,1.0,1.0,0.0,0.0015445704339072108,0.0,0.0018035543616861105,0.00193524279166013,0.019406720995903015,0.0,0.0,0.0,True,
legacy_h7_bounded,0,19,-0.5,-0.34019148349761963,0.15980839729309082,0.34019148349761963,0.067805215716362,0.067805215716362,0.41314229369163513,0.013134175911545753,0.0018019971903413534,0.006139376200735569,1.0,1.0,0.0,0.0009460973087698221,0.0,0.0017636388074606657,0.0019719069823622704,0.06611631065607071,0.0,0.0,0.0,False,vx_mae
legacy_h7_bounded,0,19,0.5,0.3708360195159912,0.12916435301303864,0.3708360195159912,-0.013621280901134014,0.013621280901134014,0.4139528274536133,0.013957766816020012,0.0023100858088582754,0.0021827244199812412,1.0,1.0,0.0,0.0004481397336348891,0.0,0.0005668497760780156,0.0011443556286394596,0.04850289225578308,0.0,0.0,0.0,False,vx_mae
legacy_h7_bounded,0,19,-1.0,-0.7998831868171692,0.20011670887470245,0.7998831868171692,0.05984249711036682,0.05984249711036682,0.4118616580963135,0.011856772936880589,0.002842753194272518,0.017517035827040672,1.0,1.0,0.0,0.0008852509199641645,0.0,0.01670127920806408,0.02614380419254303,0.00962458923459053,0.0,0.0,0.0,False,vx_mae
legacy_h7_bounded,0,19,1.0,0.8799102306365967,0.12008983641862869,0.8799102306365967,-0.044978171586990356,0.044978171586990356,0.4185110628604889,0.018506113439798355,0.0008536744862794876,0.00220534298568964,1.0,1.0,0.0,0.0008453481132164598,0.0,0.017395032569766045,0.029065335169434547,0.0298344474285841,0.0,0.0,0.0,False,vx_mae
legacy_h7_bounded,0,37,0.0,0.01713927835226059,0.01713927835226059,0.01713927835226059,0.004799121990799904,0.006478031165897846,0.413095623254776,0.013101160526275635,0.002083254512399435,0.0010865441290661693,1.0,1.0,0.0,0.0015445539029315114,0.0,0.0018037913832813501,0.0019355767872184515,0.019406907260417938,0.0,0.0,0.0,True,
legacy_h7_bounded,0,37,-0.5,-0.34019094705581665,0.1598089337348938,0.34019094705581665,0.06779859215021133,0.06779859215021133,0.41314244270324707,0.013134174048900604,0.0018020053394138813,0.006139521487057209,1.0,1.0,0.0,0.0009464771719649434,0.0,0.001763947424478829,0.0019723810255527496,0.06611678004264832,0.0,0.0,0.0,False,vx_mae
legacy_h7_bounded,0,37,0.5,0.37086009979248047,0.12914007902145386,0.37086009979248047,-0.013614872470498085,0.013614872470498085,0.41395288705825806,0.01395777240395546,0.0023101496044546366,0.0021831821650266647,1.0,1.0,0.0,0.00044641195563599467,0.0,0.0005655906279571354,0.0011453544721007347,0.04848118871450424,0.0,0.0,0.0,False,vx_mae
legacy_h7_bounded,0,37,-1.0,-0.7998802661895752,0.2001197338104248,0.7998802661895752,0.05986599624156952,0.05986599624156952,0.4118616282939911,0.011856656521558762,0.0028428249061107635,0.017516370862722397,1.0,1.0,0.0,0.0008855087799020112,0.0,0.01669911853969097,0.02614014595746994,0.009622779674828053,0.0,0.0,0.0,False,vx_mae
legacy_h7_bounded,0,37,1.0,0.8798984885215759,0.1201014444231987,0.8798984885215759,-0.04493004083633423,0.04493004083633423,0.41851088404655457,0.018506018444895744,0.0008538160473108292,0.0022066589444875717,1.0,1.0,0.0,0.0008389896247535944,0.0,0.017390083521604538,0.02905687317252159,0.029839685186743736,0.0,0.0,0.0,False,vx_mae
legacy_h7_bounded,0,53,0.0,0.01713935099542141,0.01713935099542141,0.01713935099542141,0.00479842908680439,0.0064737326465547085,0.41309529542922974,0.013101141899824142,0.002083143685013056,0.0010866428492590785,1.0,1.0,0.0,0.0015453639207407832,0.0,0.0018037538975477219,0.001935548149049282,0.019406864419579506,0.0,0.0,0.0,True,
legacy_h7_bounded,0,53,-0.5,-0.34018397331237793,0.1598159670829773,0.34018397331237793,0.06776301562786102,0.06776301562786102,0.4131423830986023,0.013134295120835304,0.0018019742565229535,0.006139874923974276,1.0,1.0,0.0,0.0009498919826000929,0.0,0.001764289103448391,0.0019729267805814743,0.0661223977804184,0.0,0.0,0.0,False,vx_mae
legacy_h7_bounded,0,53,0.5,0.37083685398101807,0.1291634440422058,0.37083685398101807,-0.0135855283588171,0.0135855283588171,0.41395270824432373,0.013957585208117962,0.0023100911639630795,0.0021835111547261477,1.0,1.0,0.0,0.00044627886381931603,0.0,0.0005645351484417915,0.0011461472604423761,0.048502177000045776,0.0,0.0,0.0,False,vx_mae
legacy_h7_bounded,0,53,-1.0,-0.7998772859573364,0.2001226842403412,0.7998772859573364,0.05987866222858429,0.05987866222858429,0.4118615388870239,0.011856614612042904,0.002842870308086276,0.01751614175736904,1.0,1.0,0.0,0.0008857704815454781,0.0,0.016697846353054047,0.026138002052903175,0.009621644392609596,0.0,0.0,0.0,False,vx_mae
legacy_h7_bounded,0,53,1.0,0.8799166083335876,0.12008336931467056,0.8799166083335876,-0.04498497024178505,0.04498497024178505,0.4185108542442322,0.018506135791540146,0.0008536356035619974,0.002205214463174343,1.0,1.0,0.0,0.0008444395498372614,0.0,0.01739555224776268,0.02906627021729946,0.02982906997203827,0.0,0.0,0.0,False,vx_mae
method_translate2,0,19,0.0,0.0012831417843699455,0.0012831449275836349,0.0012831449275836349,0.022321131080389023,0.022321131080389023,0.3990817070007324,0.000923787709325552,0.0011087051825597882,0.011448249220848083,1.0,1.0,0.0,0.01407074835151434,0.0,0.18956822156906128,0.3624163866043091,0.0014571695355698466,0.0,0.0,0.0,True,
method_translate2,0,19,-0.5,-0.57231605052948,0.072316013276577,0.57231605052948,0.003996694926172495,0.013676848262548447,0.39810025691986084,0.0019044921500608325,0.0024881521239876747,0.019637800753116608,1.0,1.0,0.0,0.019935350865125656,0.0,0.1553594321012497,0.26952657103538513,0.06287601590156555,0.0,0.0,0.0,True,
method_translate2,0,19,0.5,0.2703843116760254,0.3440440595149994,0.3958114981651306,0.005726356990635395,0.014089493080973625,0.39784687757492065,0.009404524229466915,0.06747627258300781,0.10148924589157104,1.0,1.0,0.0,0.1860724836587906,0.0,0.12376245856285095,0.2740791141986847,0.10558468103408813,0.0,0.0,0.0,False,vx_mae
method_translate2,0,19,-1.0,-0.9236711859703064,0.09118154644966125,0.9236711859703064,-0.013306204229593277,0.01748497597873211,0.40132853388786316,0.0031413547694683075,0.013579253107309341,0.03006923571228981,1.0,1.0,0.0,0.11215904355049133,0.0,0.1450739949941635,0.24839606881141663,0.0667949914932251,0.0,0.0,0.0,True,
method_translate2,0,19,1.0,0.6375333070755005,0.4408942461013794,0.6527662873268127,0.007119666785001755,0.020550694316625595,0.39810872077941895,0.010973330587148666,0.07739482074975967,0.08951371908187866,1.0,1.0,0.0,0.21421492099761963,0.0,0.11053832620382309,0.2651359438896179,0.13637465238571167,0.0,0.0,0.0,False,vx_mae
method_translate2,0,37,0.0,0.0012774147326126695,0.0012774168280884624,0.0012774168280884624,0.019891025498509407,0.019891025498509407,0.3991023004055023,0.0009040000149980187,0.0011077411472797394,0.010807942599058151,1.0,1.0,0.0,0.014550910331308842,0.0,0.18937554955482483,0.3618355989456177,0.001408187672495842,0.0,0.0,0.0,True,
method_translate2,0,37,-0.5,-0.5701107978820801,0.07011070847511292,0.5701107978820801,0.010610955767333508,0.017670469358563423,0.39808765053749084,0.0019179487135261297,0.0024757126811891794,0.019616801291704178,1.0,1.0,0.0,0.01964603178203106,0.0,0.15533560514450073,0.26951920986175537,0.06117094308137894,0.0,0.0,0.0,True,
method_translate2,0,37,0.5,0.2716921865940094,0.343402624130249,0.3969135880470276,0.005973839201033115,0.013967607170343399,0.39783546328544617,0.009402047842741013,0.06736205518245697,0.10132218897342682,1.0,1.0,0.0,0.18629269301891327,0.0,0.1239975243806839,0.27423933148384094,0.10545708239078522,0.0,0.0,0.0,False,vx_mae
method_translate2,0,37,-1.0,-0.9235001802444458,0.09122048318386078,0.9235001802444458,-0.012697994709014893,0.01728902757167816,0.40132981538772583,0.0031465275678783655,0.01355250645428896,0.030033927410840988,1.0,1.0,0.0,0.1122770607471466,0.0,0.14508280158042908,0.24839568138122559,0.0668361708521843,0.0,0.0,0.0,True,
method_translate2,0,37,1.0,0.6370741724967957,0.44096681475639343,0.6522799134254456,0.006467742845416069,0.02049895189702511,0.3981308341026306,0.010975715704262257,0.07731927186250687,0.0895000770688057,1.0,1.0,0.0,0.21402442455291748,0.0,0.11041156202554703,0.26507335901260376,0.13640153408050537,0.0,0.0,0.0,False,vx_mae
method_translate2,0,53,0.0,0.0012773037888109684,0.0012773083290085196,0.0012773083290085196,0.02237512730062008,0.02237512730062008,0.39908304810523987,0.0009224392706528306,0.0011088552419096231,0.01143835298717022,1.0,1.0,0.0,0.014093851670622826,0.0,0.18954549729824066,0.362357497215271,0.0014585277531296015,0.0,0.0,0.0,True,
method_translate2,0,53,-0.5,-0.5723177790641785,0.07231757044792175,0.5723177790641785,0.003996311686933041,0.013700493611395359,0.3981003165245056,0.0019046233501285315,0.002488305326551199,0.01963723823428154,1.0,1.0,0.0,0.01993188075721264,0.0,0.15536266565322876,0.26953208446502686,0.06287890672683716,0.0,0.0,0.0,True,
method_translate2,0,53,0.5,0.2660121023654938,0.34728533029556274,0.3944515585899353,0.006523799151182175,0.014273632317781448,0.39781662821769714,0.00940011441707611,0.06808698177337646,0.10198540985584259,1.0,1.0,0.0,0.186806321144104,0.0,0.1232634037733078,0.2738801836967468,0.10595785081386566,0.0,0.0,0.0,False,vx_mae
method_translate2,0,53,-1.0,-0.9233593940734863,0.09140101075172424,0.9233593940734863,-0.012962850742042065,0.01724054664373398,0.4013305902481079,0.0031391759403049946,0.013609495013952255,0.030085960403084755,1.0,1.0,0.0,0.11215537041425705,0.0,0.1450956165790558,0.24842825531959534,0.06699514389038086,0.0,0.0,0.0,True,
method_translate2,0,53,1.0,0.6363719701766968,0.4411613345146179,0.6515728235244751,0.005885628052055836,0.020796235650777817,0.398105651140213,0.010964920744299889,0.07745084166526794,0.08961880207061768,1.0,1.0,0.0,0.21369071304798126,0.0,0.11045549809932709,0.26511234045028687,0.13679304718971252,0.0,0.0,0.0,False,vx_mae
method_translate3_symmetry,0,19,0.0,-0.038540251553058624,0.038540251553058624,0.038540251553058624,0.0018494847463443875,0.0024954257532954216,0.4004095792770386,0.00040805182652547956,0.0015688976272940636,0.04536891728639603,1.0,1.0,0.0,0.0007004686049185693,0.0,0.07756991684436798,0.13276568055152893,0.019999992102384567,0.0,0.0,0.0,True,
method_translate3_symmetry,0,19,-0.5,-0.137964129447937,0.3620359003543854,0.137964129447937,0.0005771309370175004,0.002429795451462269,0.3985559046268463,0.0014456822536885738,0.001754065160639584,0.051279857754707336,1.0,1.0,0.0,0.0008521327981725335,0.0,0.08197276294231415,0.13994279503822327,0.016701379790902138,0.0,0.0,0.0,False,vx_mae
method_translate3_symmetry,0,19,0.5,0.12098243832588196,0.3790176808834076,0.12098243832588196,0.0005071040941402316,0.002300061285495758,0.40207499265670776,0.0020798309706151485,0.0009423368028365076,0.018745267763733864,1.0,1.0,0.0,0.0007484970265068114,0.0,0.07234955579042435,0.12327854335308075,0.008531903848052025,0.0,0.0,0.0,False,vx_mae
method_translate3_symmetry,0,19,-1.0,-0.18870359659194946,0.8112963438034058,0.18870359659194946,-0.00032119356910698116,0.002051067305728793,0.39733704924583435,0.002661712933331728,0.0013884982326999307,0.04198610782623291,1.0,1.0,0.0,0.0009305361891165376,0.0,0.08316858857870102,0.14151448011398315,0.00024800284882076085,0.0,0.0,0.0,False,vx_mae
method_translate3_symmetry,0,19,1.0,0.30385708808898926,0.6961429119110107,0.30385708808898926,-0.0016810608794912696,0.002171140629798174,0.40332257747650146,0.003320068586617708,0.0007897474570199847,0.0014874509070068598,1.0,1.0,0.0,0.0008199762087315321,0.0,0.06967661529779434,0.11800777167081833,0.008588236756622791,0.0,0.0,0.0,False,vx_mae
method_translate3_symmetry,0,37,0.0,-0.03853327035903931,0.03853327035903931,0.03853327035903931,0.0018698405474424362,0.00251971697434783,0.4004094898700714,0.0004075727192685008,0.0015701598022133112,0.045369237661361694,1.0,1.0,0.0,0.0007079179049469531,0.0,0.07757742702960968,0.13277703523635864,0.020002232864499092,0.0,0.0,0.0,True,
method_translate3_symmetry,0,37,-0.5,-0.13795128464698792,0.36204880475997925,0.13795128464698792,0.0006412746151909232,0.002391365123912692,0.39855092763900757,0.0014467586297541857,0.001754234661348164,0.051278308033943176,1.0,1.0,0.0,0.0008434774936176836,0.0,0.0819806307554245,0.13995614647865295,0.016693953424692154,0.0,0.0,0.0,False,vx_mae
method_translate3_symmetry,0,37,0.5,0.12095815688371658,0.3790416121482849,0.12095815688371658,0.0004614733043126762,0.002272342797368765,0.402076780796051,0.00208168919198215,0.0009425572352483869,0.018752317875623703,1.0,1.0,0.0,0.0007431557169184089,0.0,0.07233608514070511,0.12325543165206909,0.008547166362404823,0.0,0.0,0.0,False,vx_mae
method_translate3_symmetry,0,37,-1.0,-0.1887345314025879,0.811265230178833,0.1887345314025879,-0.00038541623507626355,0.002201279392465949,0.39734306931495667,0.002657415112480521,0.0013885967200621963,0.04199559986591339,1.0,1.0,0.0,0.0009383038268424571,0.0,0.08314087241888046,0.14146734774112701,0.0002554866368882358,0.0,0.0,0.0,False,vx_mae
method_translate3_symmetry,0,37,1.0,0.3038939833641052,0.6961057782173157,0.3038939833641052,-0.001879593706689775,0.002108164131641388,0.4033225476741791,0.0033204806968569756,0.0007893125875853002,0.0014892907347530127,1.0,1.0,0.0,0.0007722385926172137,0.0,0.06967024505138397,0.11799737066030502,0.008554523810744286,0.0,0.0,0.0,False,vx_mae
method_translate3_symmetry,0,53,0.0,-0.03853573650121689,0.03853573650121689,0.03853573650121689,0.0018647013930603862,0.0024925912730395794,0.4004094898700714,0.00040765252197161317,0.0015704231336712837,0.04537029564380646,1.0,1.0,0.0,0.0007034270092844963,0.0,0.07757765054702759,0.1327771246433258,0.020004816353321075,0.0,0.0,0.0,True,
method_translate3_symmetry,0,53,-0.5,-0.13796786963939667,0.3620321750640869,0.13796786963939667,0.000505308504216373,0.0022617243230342865,0.39855435490608215,0.0014455784112215042,0.0017540731932967901,0.051283303648233414,1.0,1.0,0.0,0.0008321238565258682,0.0,0.08197072148323059,0.13993966579437256,0.01670045778155327,0.0,0.0,0.0,False,vx_mae
method_translate3_symmetry,0,53,0.5,0.12096452713012695,0.37903594970703125,0.12096452713012695,0.00048361162771470845,0.0022490285336971283,0.4020764231681824,0.002080830279737711,0.0009425875032320619,0.01875106245279312,1.0,1.0,0.0,0.0007436304586008191,0.0,0.07234261929988861,0.12326669692993164,0.008543189615011215,0.0,0.0,0.0,False,vx_mae
method_translate3_symmetry,0,53,-1.0,-0.18870635330677032,0.8112938404083252,0.18870635330677032,-0.0003125503135379404,0.0021449390333145857,0.397338330745697,0.0026605462189763784,0.001388727454468608,0.04198864847421646,1.0,1.0,0.0,0.00094760482897982,0.0,0.08316199481487274,0.14150287210941315,0.00024997617583721876,0.0,0.0,0.0,False,vx_mae
method_translate3_symmetry,0,53,1.0,0.3039063811302185,0.6960938572883606,0.3039063811302185,-0.0015260335057973862,0.0021513046231120825,0.403319388628006,0.0033185358624905348,0.0007898822659626603,0.0014954674988985062,1.0,1.0,0.0,0.0008100977865979075,0.0,0.06969068944454193,0.11803126335144043,0.008553932420909405,0.0,0.0,0.0,False,vx_mae
standing,0,19,0.0,0.0028064304497092962,0.0028064304497092962,0.0028064304497092962,0.0005917148082517087,0.0023397342301905155,0.40004703402519226,5.1484432333381847e-05,0.0028093107976019382,0.003373999847099185,1.0,1.0,0.0,0.000541639281436801,0.0,0.012254416942596436,0.021588502451777458,0.05579952150583267,0.0,0.0,0.0,True,
standing,0,19,-0.5,-0.4570772349834442,0.0429227277636528,0.4570772349834442,0.014427989721298218,0.02249300852417946,0.3985956311225891,0.001406370080076158,0.14541247487068176,0.07006821036338806,1.0,1.0,0.0,0.006989855784922838,0.0,0.04923123121261597,0.18648996949195862,0.11789914965629578,0.0,0.0,0.0,True,
standing,0,19,0.5,0.39297881722450256,0.10702132433652878,0.39297881722450256,-0.000529081211425364,0.001441275468096137,0.39359402656555176,0.006406355649232864,0.002395973075181246,0.0359615683555603,1.0,1.0,0.0,0.0008683021296747029,0.0,0.1196284070611,0.2016875147819519,0.00342832924798131,0.0,0.0,0.0,False,vx_mae
standing,0,19,-1.0,-0.6739280819892883,0.41770556569099426,0.776317298412323,-0.2647870182991028,0.37883615493774414,0.34477782249450684,0.056073300540447235,0.248197540640831,0.22745274007320404,0.8022500276565552,0.7963125705718994,0.051468752324581146,0.3268830180168152,0.0031406255438923836,0.07472063601016998,0.1998523473739624,0.3210240602493286,0.0,198.0,0.0,False,"failures,nonwheel_contact,wheel_contact,height_mae,vx_mae,yaw_mae"
standing,0,19,1.0,0.6805825233459473,0.5607483386993408,0.7975257039070129,0.22699221968650818,0.2815563976764679,0.3605709671974182,0.04446970671415329,0.256756067276001,0.2133040726184845,0.8446875810623169,0.9323750734329224,0.020531252026557922,0.36799734830856323,0.0,0.06086709350347519,0.15088656544685364,0.2053745537996292,0.0,184.0,0.0,False,"failures,nonwheel_contact,wheel_contact,height_mae,vx_mae,yaw_mae"
standing,0,37,0.0,0.0028023570775985718,0.0028023570775985718,0.0028023570775985718,0.0005906453588977456,0.0023831967264413834,0.40004751086235046,5.18625856784638e-05,0.00280843791551888,0.0033749479334801435,1.0,1.0,0.0,0.0005492824711836874,0.0,0.012254579924046993,0.021588239818811417,0.055793095380067825,0.0,0.0,0.0,True,
standing,0,37,-0.5,-0.4579947888851166,0.04200519621372223,0.4579947888851166,0.00839867815375328,0.018089735880494118,0.39840900897979736,0.0015924363397061825,0.14605925977230072,0.0704466849565506,1.0,1.0,0.0,0.006552576087415218,0.0,0.04984742030501366,0.18823930621147156,0.11756356060504913,0.0,0.0,0.0,True,
standing,0,37,0.5,0.39293837547302246,0.10706184804439545,0.39293837547302246,-0.000772442203015089,0.001685951603576541,0.39359626173973083,0.006404539570212364,0.002396141644567251,0.03596353903412819,1.0,1.0,0.0,0.0009588240645825863,0.0,0.11962296068668365,0.2016787976026535,0.0033870202023535967,0.0,0.0,0.0,False,vx_mae
standing,0,37,-1.0,-0.6823879480361938,0.41750606894493103,0.7737605571746826,-0.2766394317150116,0.37838226556777954,0.34251171350479126,0.058375149965286255,0.25519436597824097,0.23640722036361694,0.8002187013626099,0.7895937561988831,0.05612500384449959,0.336492657661438,0.0017005209811031818,0.07168932259082794,0.1900154948234558,0.318674236536026,0.0,206.0,0.0,False,"failures,nonwheel_contact,wheel_contact,height_mae,vx_mae,yaw_mae"
standing,0,37,1.0,0.6899076104164124,0.5586855411529541,0.808476448059082,0.24167779088020325,0.28377673029899597,0.3589831292629242,0.045917294919490814,0.2634085714817047,0.21820268034934998,0.8415626287460327,0.9304062724113464,0.018406251445412636,0.37357643246650696,0.0,0.06219439581036568,0.15438058972358704,0.20953205227851868,0.0,185.0,0.0,False,"failures,nonwheel_contact,wheel_contact,height_mae,vx_mae,yaw_mae"
standing,0,53,0.0,0.0028157695196568966,0.0028157695196568966,0.0028157695196568966,0.0005913706263527274,0.0023555229417979717,0.40004730224609375,5.1838440413121134e-05,0.0028086965903639793,0.0033766250126063824,1.0,1.0,0.0,0.0005446826689876616,0.0,0.0122522646561265,0.02158462256193161,0.05579109862446785,0.0,0.0,0.0,True,
standing,0,53,-0.5,-0.4515102505683899,0.04848967120051384,0.4515102505683899,0.00922202318906784,0.016443869099020958,0.39871516823768616,0.0012878581183031201,0.1436065137386322,0.06883735954761505,1.0,1.0,0.0,0.006329674273729324,0.0,0.049050651490688324,0.18453039228916168,0.1170041412115097,0.0,0.0,0.0,True,
standing,0,53,0.5,0.39294445514678955,0.10705505311489105,0.39294445514678955,-0.0006501525640487671,0.0015841876156628132,0.3935955762863159,0.006406493950635195,0.002396130934357643,0.0359637513756752,1.0,1.0,0.0,0.0009227572591044009,0.0,0.1196332722902298,0.20169588923454285,0.003395996056497097,0.0,0.0,0.0,False,vx_mae
standing,0,53,-1.0,-0.6740478277206421,0.4161876440048218,0.7723287343978882,-0.22857271134853363,0.34641993045806885,0.34674516320228577,0.05407179892063141,0.2448076605796814,0.23112407326698303,0.8160000443458557,0.8050000667572021,0.04618750512599945,0.310449481010437,0.001770833507180214,0.07229387760162354,0.19541233777999878,0.30303871631622314,0.0,202.0,0.0,False,"failures,nonwheel_contact,wheel_contact,height_mae,vx_mae,yaw_mae"
standing,0,53,1.0,0.6913822293281555,0.5584084987640381,0.8057045340538025,0.24690163135528564,0.2893933951854706,0.3594217300415039,0.04567535221576691,0.2625000476837158,0.22003164887428284,0.8393750190734863,0.9284688234329224,0.0162500012665987,0.37860584259033203,0.0,0.06058739498257637,0.15222463011741638,0.21282602846622467,0.0,189.0,0.0,False,"failures,nonwheel_contact,wheel_contact,height_mae,vx_mae,yaw_mae"
low_speed,0,19,0.0,0.14545272290706635,0.14545272290706635,0.14545272290706635,0.05878493934869766,0.05878493934869766,0.3953580856323242,0.0046434467658400536,0.09757763147354126,0.00524001382291317,1.0,1.0,0.0,0.002266482450067997,0.0,0.0032381322234869003,0.0661715418100357,0.015369935892522335,0.0,0.0,0.0,False,vx_mae
low_speed,0,19,-0.5,-0.0755140632390976,0.4244860112667084,0.0755140632390976,0.04381849989295006,0.043819136917591095,0.3907615840435028,0.009239068254828453,0.14289206266403198,0.02408020943403244,1.0,1.0,0.0,0.0030759172514081,0.0,0.017824044451117516,0.12899929285049438,0.022611452266573906,0.0,0.0,0.0,False,vx_mae
low_speed,0,19,0.5,0.2873944044113159,0.21260568499565125,0.2873944044113159,0.16542968153953552,0.16542968153953552,0.39892852306365967,0.0010662825079634786,0.08500302582979202,0.025433797389268875,1.0,1.0,0.0,0.003519610734656453,0.0,0.0162305049598217,0.04384329542517662,0.020096059888601303,0.0,0.0,0.0,False,"vx_mae,yaw_mae"
low_speed,0,19,-1.0,-0.40657922625541687,0.5934206247329712,0.40657922625541687,0.01570458710193634,0.015753548592329025,0.3839666545391083,0.01603284291923046,0.2033568024635315,0.08965171128511429,1.0,1.0,0.0,0.011184865608811378,0.0,0.04578530415892601,0.22748348116874695,0.04719697684049606,0.0,1.0,0.0,False,"failures,vx_mae"
low_speed,0,19,1.0,0.539036750793457,0.46096324920654297,0.539036750793457,0.3201327621936798,0.3201342821121216,0.4018997550010681,0.0019024309003725648,0.07805079221725464,0.06379877030849457,1.0,1.0,0.0,0.0074391234666109085,0.0,0.040163807570934296,0.045928969979286194,0.006071676500141621,0.0,0.0,0.0,False,"vx_mae,yaw_mae"
low_speed,0,37,0.0,0.14533944427967072,0.14533944427967072,0.14533944427967072,0.058214351534843445,0.058214351534843445,0.3953670859336853,0.004634072072803974,0.09741519391536713,0.005243082530796528,1.0,1.0,0.0,0.0022833221592009068,0.0,0.0032117976807057858,0.06608492881059647,0.01537840161472559,0.0,0.0,0.0,False,vx_mae
low_speed,0,37,-0.5,-0.06591448932886124,0.434085488319397,0.06591448932886124,0.03932008892297745,0.03932008892297745,0.3907375633716583,0.009262886829674244,0.13995593786239624,0.022950680926442146,1.0,1.0,0.0,0.003249755594879389,0.0,0.017734963446855545,0.1264226883649826,0.02089446596801281,0.0,0.0,0.0,False,vx_mae
low_speed,0,37,0.5,0.28805381059646606,0.2119462490081787,0.28805381059646606,0.1670079231262207,0.1670079231262207,0.39890289306640625,0.001090983278118074,0.08560791611671448,0.02543705701828003,1.0,1.0,0.0,0.0035958201624453068,0.0,0.016422875225543976,0.044094521552324295,0.020098071545362473,0.0,0.0,0.0,False,"vx_mae,yaw_mae"
low_speed,0,37,-1.0,-0.409347802400589,0.5906521081924438,0.409347802400589,0.01922055333852768,0.019294222816824913,0.38387998938560486,0.01611914485692978,0.20403043925762177,0.09022936224937439,1.0,1.0,0.0,0.011001737788319588,0.0,0.045795027166604996,0.22820128500461578,0.047802843153476715,0.0,1.0,0.0,False,"failures,vx_mae"
low_speed,0,37,1.0,0.5396173596382141,0.4603826701641083,0.5396173596382141,0.3211958110332489,0.3211977779865265,0.4018860459327698,0.0018927186029031873,0.07827416062355042,0.06391315162181854,1.0,1.0,0.0,0.007456593681126833,0.0,0.039952173829078674,0.04555664584040642,0.005870006047189236,0.0,0.0,0.0,False,"vx_mae,yaw_mae"
low_speed,0,53,0.0,0.1454349309206009,0.1454349309206009,0.1454349309206009,0.05868997424840927,0.05868997424840927,0.395358145236969,0.004643653519451618,0.09753613919019699,0.005247271619737148,1.0,1.0,0.0,0.002283656969666481,0.0,0.0032086027786135674,0.0661773830652237,0.015358430333435535,0.0,0.0,0.0,False,vx_mae
low_speed,0,53,-0.5,-0.061095692217350006,0.4389043152332306,0.061095692217350006,0.03702336549758911,0.03702336549758911,0.39072778820991516,0.009272303432226181,0.13845854997634888,0.02237812615931034,1.0,1.0,0.0,0.0033619068562984467,0.0,0.01768757402896881,0.1251051425933838,0.02002820372581482,0.0,0.0,0.0,False,vx_mae
low_speed,0,53,0.5,0.28758159279823303,0.21241851150989532,0.28758159279823303,0.1658819615840912,0.1658819615840912,0.39892104268074036,0.001073368825018406,0.08517691493034363,0.02543468400835991,1.0,1.0,0.0,0.0035421664360910654,0.0,0.01628575474023819,0.04391556233167648,0.02009812369942665,0.0,0.0,0.0,False,"vx_mae,yaw_mae"
low_speed,0,53,-1.0,-0.4031045734882355,0.5968955755233765,0.4031045734882355,0.012194822542369366,0.012241007760167122,0.38408154249191284,0.015917710959911346,0.20248737931251526,0.0888737365603447,1.0,1.0,0.0,0.011504774913191795,0.0,0.04568489268422127,0.22639799118041992,0.04646053537726402,0.0,0.0,0.0,False,vx_mae
low_speed,0,53,1.0,0.521903932094574,0.4780961573123932,0.521903932094574,0.2512511909008026,0.2520674467086792,0.4018409848213196,0.0018442688742652535,0.0841389149427414,0.06152977794408798,1.0,1.0,0.0,0.006919031031429768,0.0,0.05683399736881256,0.06631815433502197,0.012931499630212784,0.0,0.0,0.0,False,"vx_mae,yaw_mae"
low_speed_tracking,0,19,0.0,0.21430106461048126,0.21430106461048126,0.21430106461048126,0.15036949515342712,0.15036949515342712,0.39423519372940063,0.005766219459474087,0.10489507019519806,0.008829179219901562,1.0,1.0,0.0,0.00502200610935688,0.0,0.015103887766599655,0.058009807020425797,0.01274939812719822,0.0,0.0,0.0,False,"vx_mae,yaw_mae"
low_speed_tracking,0,19,-0.5,0.010256234556436539,0.5102560520172119,0.029451988637447357,0.06459444761276245,0.06459444761276245,0.3900541663169861,0.009947902522981167,0.12800000607967377,0.01862044632434845,1.0,1.0,0.0,0.0044426326639950275,0.0,0.00445890985429287,0.09721314907073975,0.017678456380963326,0.0,0.0,0.0,False,vx_mae
low_speed_tracking,0,19,0.5,0.3769347667694092,0.12306506186723709,0.3769347667694092,0.28986653685569763,0.28986653685569763,0.397978276014328,0.002015290316194296,0.093895822763443,0.03497527167201042,1.0,1.0,0.0,0.006887336261570454,0.0,0.0256124809384346,0.04331774264574051,0.016986913979053497,0.0,0.0,0.0,False,"vx_mae,yaw_mae"
low_speed_tracking,0,19,-1.0,-0.44475728273391724,0.5552427768707275,0.44475728273391724,0.023374177515506744,0.023377714678645134,0.3825075030326843,0.01749296858906746,0.21770837903022766,0.10532110184431076,1.0,1.0,0.0,0.01298590563237667,0.0,0.03887392580509186,0.22679895162582397,0.06020902097225189,0.0,1.0,0.0,False,"failures,vx_mae"
low_speed_tracking,0,19,1.0,0.550918698310852,0.44908130168914795,0.550918698310852,-0.0026290491223335266,0.00908254086971283,0.39420944452285767,0.005811546463519335,0.09688737243413925,0.06727951765060425,1.0,1.0,0.0,0.008686544373631477,0.0,0.17567294836044312,0.24277082085609436,0.03971225023269653,0.0,0.0,0.0,False,vx_mae
low_speed_tracking,0,37,0.0,0.21317607164382935,0.21317607164382935,0.21317607164382935,0.14819861948490143,0.14819861948490143,0.39428406953811646,0.005716525483876467,0.10434244573116302,0.00877532921731472,1.0,1.0,0.0,0.004956485703587532,0.0,0.015052872709929943,0.0576738566160202,0.01285530999302864,0.0,0.0,0.0,False,"vx_mae,yaw_mae"
low_speed_tracking,0,37,-0.5,0.01905238628387451,0.5190523862838745,0.028607239946722984,0.05916748195886612,0.05916748195886612,0.3901665210723877,0.00983546394854784,0.12462713569402695,0.017661202698946,1.0,1.0,0.0,0.0041280826553702354,0.0,0.003973126877099276,0.09399138391017914,0.01596911996603012,0.0,0.0,0.0,False,vx_mae
low_speed_tracking,0,37,0.5,0.37633395195007324,0.12366613745689392,0.37633395195007324,0.2888599634170532,0.2888599634170532,0.3979959487915039,0.0019981376826763153,0.09354650974273682,0.03493523970246315,1.0,1.0,0.0,0.006793036591261625,0.0,0.025520483031868935,0.04315262287855148,0.01699981652200222,0.0,0.0,0.0,False,"vx_mae,yaw_mae"
low_speed_tracking,0,37,-1.0,-0.4597674310207367,0.5402325987815857,0.4597674310207367,0.03433341160416603,0.03433719277381897,0.3818705379962921,0.018128834664821625,0.2214602679014206,0.10882508754730225,1.0,1.0,0.0,0.01266898401081562,0.0,0.03983812406659126,0.23232333362102509,0.06320608407258987,0.0,0.0,0.0,False,vx_mae
low_speed_tracking,0,37,1.0,0.5575414896011353,0.44245851039886475,0.5575414896011353,0.011471439152956009,0.024163493886590004,0.39447417855262756,0.005656073801219463,0.09823422878980637,0.06870776414871216,1.0,1.0,0.0,0.010021833702921867,0.0,0.17110775411128998,0.23527030646800995,0.03796423226594925,0.0,0.0,0.0,False,vx_mae
low_speed_tracking,0,53,0.0,0.21358990669250488,0.21358990669250488,0.21358990669250488,0.1489875167608261,0.1489875167608261,0.39426544308662415,0.005735212936997414,0.1045815646648407,0.00878992397338152,1.0,1.0,0.0,0.004981901030987501,0.0,0.01509026624262333,0.05780470371246338,0.012820631265640259,0.0,0.0,0.0,False,"vx_mae,yaw_mae"
low_speed_tracking,0,53,-0.5,0.0016521336510777473,0.5016520023345947,0.030318304896354675,0.07126697152853012,0.07126697152853012,0.38994699716567993,0.010051954537630081,0.13145922124385834,0.019609777256846428,1.0,1.0,0.0,0.004508377984166145,0.0,0.004767644219100475,0.10026943683624268,0.019441014155745506,0.0,0.0,0.0,False,vx_mae
low_speed_tracking,0,53,0.5,0.3763318359851837,0.12366827577352524,0.3763318359851837,0.2888526916503906,0.2888526916503906,0.3979957699775696,0.0019981006626039743,0.09354642033576965,0.03493460267782211,1.0,1.0,0.0,0.0067939599975943565,0.0,0.02552073448896408,0.04315242916345596,0.017000574618577957,0.0,0.0,0.0,False,"vx_mae,yaw_mae"
low_speed_tracking,0,53,-1.0,-0.464948445558548,0.535051703453064,0.464948445558548,0.04145859554409981,0.0414617694914341,0.3816460371017456,0.018354952335357666,0.22252774238586426,0.11018680036067963,1.0,1.0,0.0,0.011815009638667107,0.0,0.03989918529987335,0.2336345911026001,0.06424836814403534,0.0,0.0,0.0,False,vx_mae
low_speed_tracking,0,53,1.0,0.5563570261001587,0.44555890560150146,0.5566655397415161,0.00636680144816637,0.01959840953350067,0.3942108750343323,0.00592266209423542,0.0991753414273262,0.06947574019432068,0.9989374876022339,0.9995312690734863,6.25000029685907e-05,0.0136802913621068,0.0,0.17210201919078827,0.23703332245349884,0.0397210493683815,0.0,4.0,0.0,False,"failures,nonwheel_contact,vx_mae"
legacy_h3,1,19,0.0,-0.006860123947262764,0.006860123947262764,0.006860123947262764,0.00011122963769594207,0.0012420101556926966,0.4118398129940033,0.011839115060865879,0.002092421054840088,0.002047159941866994,1.0,1.0,0.0,0.0005553355440497398,0.0,0.0007166006835177541,0.0025616269558668137,0.005112869665026665,0.0,0.0,0.0,True,
legacy_h3,1,19,-0.5,-0.40419095754623413,0.09580899775028229,0.40419095754623413,0.021379783749580383,0.021379783749580383,0.41172540187835693,0.011723958887159824,0.001185750006698072,0.004137645475566387,1.0,1.0,0.0,0.0004309841897338629,0.0,0.0013675122754648328,0.0031240100506693125,0.027939844876527786,0.0,0.0,0.0,True,
legacy_h3,1,19,0.5,0.37970539927482605,0.12029461562633514,0.37970539927482605,-0.029214700683951378,0.029214700683951378,0.4136695861816406,0.013670668005943298,0.002443246077746153,0.0016831590328365564,1.0,1.0,0.0,0.0005736054736189544,0.0,0.004626811482012272,0.00631148274987936,0.04122348129749298,0.0,0.0,0.0,False,vx_mae
legacy_h3,1,19,-1.0,-0.8682130575180054,0.1317862868309021,0.8682130575180054,0.006332529708743095,0.00678512267768383,0.4104078412055969,0.010407138615846634,0.001734618446789682,0.002716270973905921,1.0,1.0,0.0,0.0002795533509925008,0.0,0.009067649021744728,0.01406104676425457,0.04117407649755478,0.0,0.0,0.0,False,vx_mae
legacy_h3,1,19,1.0,0.944017231464386,0.05598289519548416,0.944017231464386,-0.03631388023495674,0.03631388023495674,0.41947460174560547,0.01947583258152008,0.0016887849196791649,0.00870431587100029,1.0,1.0,0.0,0.0008736358140595257,0.0,0.02681952714920044,0.04437888413667679,0.00444589089602232,0.0,0.0,0.0,True,
legacy_h3,1,37,0.0,-0.006732346955686808,0.006732346955686808,0.006732346955686808,0.00015554114361293614,0.001292418921366334,0.41194453835487366,0.011945227161049843,0.0022165607661008835,0.0021922430023550987,1.0,1.0,0.0,0.0005633241962641478,0.0,0.0007610328029841185,0.0027270691934973,0.005487988702952862,0.0,0.0,0.0,True,
legacy_h3,1,37,-0.5,-0.4033741354942322,0.09662604331970215,0.4033741354942322,0.021402377635240555,0.021402377635240555,0.4118354022502899,0.01183304749429226,0.0011379772331565619,0.0038984278216958046,1.0,1.0,0.0,0.000429535866715014,0.0,0.001281588338315487,0.002967817708849907,0.02777239866554737,0.0,0.0,0.0,True,
legacy_h3,1,37,0.5,0.37901201844215393,0.12098798900842667,0.37901201844215393,-0.029913531616330147,0.029913531616330147,0.4137292504310608,0.013729305006563663,0.002659179735928774,0.0016353920800611377,1.0,1.0,0.0,0.0005717220483347774,0.0,0.004758956842124462,0.006416793912649155,0.042024485766887665,0.0,0.0,0.0,False,vx_mae
legacy_h3,1,37,-1.0,-0.8680081367492676,0.1319933831691742,0.8680081367492676,0.006560183595865965,0.0068510458804667,0.41019994020462036,0.01020133588463068,0.0017537071835249662,0.0028009028173983097,1.0,1.0,0.0,0.00026563555002212524,0.0,0.008963341824710369,0.013883516192436218,0.04029889404773712,0.0,0.0,0.0,False,vx_mae
legacy_h3,1,37,1.0,0.9465423822402954,0.05345761030912399,0.9465423822402954,-0.0334428995847702,0.0334428995847702,0.41975951194763184,0.01975918933749199,0.0017845304682850838,0.007466615177690983,1.0,1.0,0.0,0.0008917715167626739,0.0,0.026680173352360725,0.04460623860359192,0.008898105472326279,0.0,0.0,0.0,True,
legacy_h3,1,53,0.0,-0.006727375090122223,0.006727375090122223,0.006727375090122223,9.077635331777856e-05,0.0012198109179735184,0.4118747115135193,0.011874848045408726,0.0021113152615725994,0.0019811224192380905,1.0,1.0,0.0,0.0005405907286331058,0.0,0.0006338948151096702,0.0024692697916179895,0.004948176443576813,0.0,0.0,0.0,True,
legacy_h3,1,53,-0.5,-0.40195661783218384,0.09804366528987885,0.40195661783218384,0.02034243941307068,0.02034243941307068,0.4113611876964569,0.011361384764313698,0.0011749013792723417,0.003521955804899335,1.0,1.0,0.0,0.0004167697625234723,0.0,0.0011194205144420266,0.002705660415813327,0.028058916330337524,0.0,0.0,0.0,True,
legacy_h3,1,53,0.5,0.3811284005641937,0.11887167394161224,0.3811284005641937,-0.02701987512409687,0.02701987512409687,0.414141982793808,0.014140878804028034,0.0025682211853563786,0.0010755503317341208,1.0,1.0,0.0,0.0005550938658416271,0.0,0.004316865466535091,0.005770883057266474,0.039287857711315155,0.0,0.0,0.0,False,vx_mae
legacy_h3,1,53,-1.0,-0.8695574998855591,0.13044191896915436,0.8695574998855591,0.0072916606441140175,0.007325269281864166,0.4102895259857178,0.010288357734680176,0.001759121660143137,0.0030379483941942453,1.0,1.0,0.0,0.00026601782883517444,0.0,0.008818857371807098,0.013665064238011837,0.040518298745155334,0.0,0.0,0.0,False,vx_mae
legacy_h3,1,53,1.0,0.9463666677474976,0.053633350878953934,0.9463666677474976,-0.03333144262433052,0.03333144262433052,0.4199305772781372,0.019932633265852928,0.0017041462706401944,0.007550742942839861,1.0,1.0,0.0,0.0009032528614625335,0.0,0.026704993098974228,0.044686757028102875,0.008607277646660805,0.0,0.0,0.0,True,
legacy_h7_fixed,1,19,0.0,-0.005831397138535976,0.005831397138535976,0.005831397138535976,-2.756741741904989e-05,0.0009326607105322182,0.4114067852497101,0.011406030505895615,0.002083333907648921,0.0009214106248691678,1.0,1.0,0.0,0.0004384487110655755,0.0,0.0008504691068083048,0.002839041408151388,0.00594429112970829,0.0,0.0,0.0,True,
legacy_h7_fixed,1,19,-0.5,-0.3963770270347595,0.1036229133605957,0.3963770270347595,0.021502509713172913,0.021502509713172913,0.4111853241920471,0.011183265596628189,0.0012967962538823485,0.0029746252112090588,1.0,1.0,0.0,0.00042785622645169497,0.0,0.0007844784413464367,0.002006495837122202,0.03373551741242409,0.0,0.0,0.0,False,vx_mae
legacy_h7_fixed,1,19,0.5,0.3724595904350281,0.1275404542684555,0.3724595904350281,-0.037890952080488205,0.037890952080488205,0.41325643658638,0.01325741596519947,0.002369881607592106,0.005501139909029007,1.0,1.0,0.0,0.0006454729591496289,0.0,0.004012598190456629,0.0053312466479837894,0.04618538171052933,0.0,0.0,0.0,False,vx_mae
legacy_h7_fixed,1,19,-1.0,-0.8579959869384766,0.1420034021139145,0.8579959869384766,0.012856018729507923,0.012856018729507923,0.40961647033691406,0.009615687653422356,0.0019751295913010836,0.003123784437775612,1.0,1.0,0.0,0.0002965737076010555,0.0,0.010599377565085888,0.016453705728054047,0.03271132707595825,0.0,0.0,0.0,False,vx_mae
legacy_h7_fixed,1,19,1.0,0.9160587787628174,0.08394134044647217,0.9160587787628174,-0.0501399040222168,0.0501399040222168,0.41903603076934814,0.01903598941862583,0.0016830320237204432,0.015471654012799263,1.0,1.0,0.0,0.000998864066787064,0.0,0.024131696671247482,0.03964168205857277,0.01649601198732853,0.0,0.0,0.0,True,
legacy_h7_fixed,1,37,0.0,-0.005854192189872265,0.005854192189872265,0.005854192189872265,-9.373077773489058e-06,0.0009618139592930675,0.4115108251571655,0.011512034572660923,0.002207607962191105,0.0007730728248134255,1.0,1.0,0.0,0.0004257194814272225,0.0,0.0009061875171028078,0.0030065577011555433,0.006215385627001524,0.0,0.0,0.0,True,
legacy_h7_fixed,1,37,-0.5,-0.39540085196495056,0.10459928214550018,0.39540085196495056,0.021514475345611572,0.021514475345611572,0.41129419207572937,0.011292368173599243,0.0012497229035943747,0.0027270072605460882,1.0,1.0,0.0,0.000431982014561072,0.0,0.0007969646248966455,0.0019079647026956081,0.03367137908935547,0.0,0.0,0.0,False,vx_mae
legacy_h7_fixed,1,37,0.5,0.3717849850654602,0.12821505963802338,0.3717849850654602,-0.03863838315010071,0.03863838315010071,0.4133104681968689,0.013312126509845257,0.0025860117748379707,0.0055534737184643745,1.0,1.0,0.0,0.0006415308453142643,0.0,0.004154795315116644,0.005450264550745487,0.046977635473012924,0.0,0.0,0.0,False,vx_mae
legacy_h7_fixed,1,37,-1.0,-0.8579158782958984,0.1420852243900299,0.8579158782958984,0.013062427751719952,0.013062427751719952,0.4094122648239136,0.009412268176674843,0.0019941753707826138,0.0032201337162405252,1.0,1.0,0.0,0.0002985987230204046,0.0,0.010495608672499657,0.01627846620976925,0.03193552419543266,0.0,0.0,0.0,False,vx_mae
legacy_h7_fixed,1,37,1.0,0.9192426204681396,0.08075723052024841,0.9192426204681396,-0.04693444445729256,0.04693444445729256,0.41933706402778625,0.01933622732758522,0.0017719969619065523,0.014301583170890808,1.0,1.0,0.0,0.0009703068062663078,0.0,0.02395322546362877,0.03974813595414162,0.010311073623597622,0.0,0.0,0.0,True,
legacy_h7_fixed,1,53,0.0,-0.005677907727658749,0.005677907727658749,0.005677907727658749,-4.468263796297833e-05,0.0009676996851339936,0.41144320368766785,0.011442179791629314,0.0021031855139881372,0.0009640041971579194,1.0,1.0,0.0,0.0004228319739922881,0.0,0.000768158002756536,0.0027410583570599556,0.005786293186247349,0.0,0.0,0.0,True,
legacy_h7_fixed,1,53,-0.5,-0.3938409984111786,0.10615880787372589,0.3938409984111786,0.020410407334566116,0.020410407334566116,0.4108209013938904,0.010821931064128876,0.0012877361150458455,0.0023217713460326195,1.0,1.0,0.0,0.0004008224932476878,0.0,0.0009005959145724773,0.0017772475257515907,0.0340389758348465,0.0,0.0,0.0,False,vx_mae
legacy_h7_fixed,1,53,0.5,0.37339043617248535,0.12660950422286987,0.37339043617248535,-0.035819780081510544,0.035819780081510544,0.413728266954422,0.013726507313549519,0.0024932408705353737,0.004996346775442362,1.0,1.0,0.0,0.0006137164891697466,0.0,0.003683243179693818,0.0047532315365970135,0.04458289220929146,0.0,0.0,0.0,False,vx_mae
legacy_h7_fixed,1,53,-1.0,-0.8595296740531921,0.14047136902809143,0.8595296740531921,0.013799961656332016,0.013799961656332016,0.4095008373260498,0.009500340558588505,0.0019985497929155827,0.003469259012490511,1.0,1.0,0.0,0.00031057640444487333,0.0,0.01034466177225113,0.016055084764957428,0.032202672213315964,0.0,0.0,0.0,False,vx_mae
legacy_h7_fixed,1,53,1.0,0.9190741777420044,0.08092600107192993,0.9190741777420044,-0.04688255116343498,0.04688255116343498,0.4195100665092468,0.01950988546013832,0.0016919567715376616,0.014378026127815247,1.0,1.0,0.0,0.0009577285964041948,0.0,0.02398442104458809,0.03984011709690094,0.011092868633568287,0.0,0.0,0.0,True,
legacy_h7_bounded,1,19,0.0,0.017307862639427185,0.017307862639427185,0.017307862639427185,0.004485420882701874,0.006746575236320496,0.41299307346343994,0.012993376702070236,0.0020860037766397,0.0014094326179474592,1.0,1.0,0.0,0.0016736759571358562,0.0,0.0017176256515085697,0.0019769342616200447,0.01990658976137638,0.0,0.0,0.0,True,
legacy_h7_bounded,1,19,-0.5,-0.3425295352935791,0.15747050940990448,0.3425295352935791,0.06840209662914276,0.06840209662914276,0.41328996419906616,0.0132879838347435,0.0017905597342178226,0.005518031306564808,1.0,1.0,0.0,0.0009615118033252656,0.0,0.0014957085950300097,0.0019564481917768717,0.0657123252749443,0.0,0.0,0.0,False,vx_mae
legacy_h7_bounded,1,19,0.5,0.370649516582489,0.1293504238128662,0.370649516582489,-0.014924194663763046,0.014924194663763046,0.41381382942199707,0.01381400041282177,0.002124849706888199,0.001816989853978157,1.0,1.0,0.0,0.0005166369955986738,0.0,0.0013343170285224915,0.0021097101271152496,0.04923102259635925,0.0,0.0,0.0,False,vx_mae
legacy_h7_bounded,1,19,-1.0,-0.7992770075798035,0.20072345435619354,0.7992770075798035,0.05943027883768082,0.05943027883768082,0.4119267165660858,0.011927008628845215,0.0028629894368350506,0.01774589717388153,1.0,1.0,0.0,0.0008894518250599504,0.0,0.016866574063897133,0.026357021182775497,0.011494875885546207,0.0,0.0,0.0,False,vx_mae
legacy_h7_bounded,1,19,1.0,0.8780362606048584,0.12196366488933563,0.8780362606048584,-0.04687687009572983,0.04687687009572983,0.4182160496711731,0.018214590847492218,0.0008470256580039859,0.0014242625329643488,1.0,1.0,0.0,0.0008607657509855926,0.0,0.017568985000252724,0.02915039099752903,0.033441852778196335,0.0,0.0,0.0,False,vx_mae
legacy_h7_bounded,1,37,0.0,0.01718105375766754,0.01718105375766754,0.01718105375766754,0.004547742195427418,0.006861081346869469,0.4130905866622925,0.013091158121824265,0.0022104596719145775,0.001235052477568388,1.0,1.0,0.0,0.001688170712441206,0.0,0.0016399320447817445,0.0018020656425505877,0.02014230191707611,0.0,0.0,0.0,True,
legacy_h7_bounded,1,37,-0.5,-0.34107258915901184,0.15892744064331055,0.34107258915901184,0.06825147569179535,0.06825147569179535,0.4133930504322052,0.013394324108958244,0.0017479255329817533,0.00586273055523634,1.0,1.0,0.0,0.0009581923950463533,0.0,0.0016177174402400851,0.0021202664356678724,0.06579064577817917,0.0,0.0,0.0,False,vx_mae
legacy_h7_bounded,1,37,0.5,0.37022629380226135,0.1297737956047058,0.37022629380226135,-0.015313693322241306,0.015313693322241306,0.41387104988098145,0.013871929608285427,0.0023425896652042866,0.0017632140079513192,1.0,1.0,0.0,0.0004825523355975747,0.0,0.001118438201956451,0.0018986137583851814,0.04985012486577034,0.0,0.0,0.0,False,vx_mae
legacy_h7_bounded,1,37,-1.0,-0.7984141707420349,0.20158575475215912,0.7984141707420349,0.0598023496568203,0.0598023496568203,0.41174882650375366,0.011747519485652447,0.0028561586514115334,0.01764824613928795,1.0,1.0,0.0,0.0008862967952154577,0.0,0.016700103878974915,0.026100490242242813,0.010091542266309261,0.0,0.0,0.0,False,vx_mae
legacy_h7_bounded,1,37,1.0,0.8792511224746704,0.12074904143810272,0.8792511224746704,-0.04423975944519043,0.04423975944519043,0.4184412956237793,0.0184426661580801,0.0009383819997310638,0.0027627660892903805,1.0,1.0,0.0,0.0008490963373333216,0.0,0.01727316342294216,0.02893006056547165,0.028486190363764763,0.0,0.0,0.0,False,vx_mae
legacy_h7_bounded,1,53,0.0,0.01773221790790558,0.01773221790790558,0.01773221790790558,0.004683143459260464,0.006586821749806404,0.413036048412323,0.013034354895353317,0.0021079094149172306,0.0014815072063356638,1.0,1.0,0.0,0.0015512643149122596,0.0,0.0017765273805707693,0.0020625251345336437,0.019920209422707558,0.0,0.0,0.0,True,
legacy_h7_bounded,1,53,-0.5,-0.3385179042816162,0.16148202121257782,0.3385179042816162,0.06681496649980545,0.06681496649980545,0.4129336476325989,0.012935100123286247,0.0017904781270772219,0.0064853280782699585,1.0,1.0,0.0,0.0009431595681235194,0.0,0.0018805678701028228,0.0023807035759091377,0.06665752083063126,0.0,0.0,0.0,False,vx_mae
legacy_h7_bounded,1,53,0.5,0.3711945116519928,0.12880544364452362,0.3711945116519928,-0.01260258536785841,0.01260258536785841,0.4142691195011139,0.014268353581428528,0.0022406047210097313,0.0024737087078392506,1.0,1.0,0.0,0.0004620148101821542,0.0,0.0005143640446476638,0.001479564467445016,0.047884564846754074,0.0,0.0,0.0,False,vx_mae
legacy_h7_bounded,1,53,-1.0,-0.7998531460762024,0.2001471370458603,0.7998531460762024,0.06086453050374985,0.06086453050374985,0.41184407472610474,0.011846903711557388,0.0028653100598603487,0.01727571338415146,1.0,1.0,0.0,0.000894398835953325,0.0,0.016483552753925323,0.025785129517316818,0.010057800449430943,0.0,0.0,0.0,False,vx_mae
legacy_h7_bounded,1,53,1.0,0.8793627023696899,0.12063761055469513,0.8793627023696899,-0.04410862177610397,0.04410862177610397,0.41862285137176514,0.0186214167624712,0.0008582574082538486,0.002716172719374299,1.0,1.0,0.0,0.0008496332447975874,0.0,0.017299029976129532,0.029015660285949707,0.02882436476647854,0.0,0.0,0.0,False,vx_mae
method_translate2,1,19,0.0,0.07812715321779251,0.08832132816314697,0.08832132816314697,0.01345561258494854,0.015208030119538307,0.3990894556045532,0.001818460994400084,0.01081426814198494,0.028027087450027466,1.0,1.0,0.0,0.05023476481437683,0.0,0.17124642431735992,0.3104051649570465,0.04822874814271927,0.0,0.0,0.0,False,vx_mae
method_translate2,1,19,-0.5,-0.5591843128204346,0.05918418616056442,0.5591843128204346,0.00951190385967493,0.016231151297688484,0.3983141779899597,0.0018808122258633375,0.002768751699477434,0.028353530913591385,1.0,1.0,0.0,0.019222574308514595,0.0,0.1583321988582611,0.27919840812683105,0.052458301186561584,0.0,0.0,0.0,True,
method_translate2,1,19,0.5,0.2510512173175812,0.34881889820098877,0.38718855381011963,0.006475621368736029,0.015271447598934174,0.3979894816875458,0.009441379457712173,0.06756290793418884,0.09993955492973328,1.0,1.0,0.0,0.18523114919662476,0.0,0.12313263863325119,0.272482305765152,0.10365201532840729,0.0,0.0,0.0,False,vx_mae
method_translate2,1,19,-1.0,-0.9293689131736755,0.093505859375,0.9293689131736755,-0.011962361633777618,0.015685230493545532,0.4012245535850525,0.003082611598074436,0.01255220640450716,0.02892914228141308,1.0,1.0,0.0,0.10691700875759125,0.0,0.14589783549308777,0.25246119499206543,0.06588371098041534,0.0,0.0,0.0,True,
method_translate2,1,19,1.0,0.6269675493240356,0.44554832577705383,0.6448624134063721,0.006339766085147858,0.02145381271839142,0.39750906825065613,0.011247658170759678,0.07822032272815704,0.08850789070129395,1.0,1.0,0.0,0.21567833423614502,0.0,0.11109814792871475,0.26383882761001587,0.137721985578537,0.0,0.0,0.0,False,vx_mae
method_translate2,1,37,0.0,0.008081775158643723,0.02171934023499489,0.02171934023499489,0.018296534195542336,0.018516134470701218,0.3987636864185333,0.0015541325556114316,0.0025045638903975487,0.020931530743837357,1.0,1.0,0.0,0.019005145877599716,0.0,0.18788093328475952,0.35810431838035583,0.014104202389717102,0.0,0.0,0.0,True,
method_translate2,1,37,-0.5,-0.6323170065879822,0.13623446226119995,0.6327389478683472,0.0012759169330820441,0.022722560912370682,0.3971863389015198,0.0029169581830501556,0.013710318133234978,0.03948276489973068,0.9974687099456787,0.9972813129425049,0.0001250000059371814,0.03813757002353668,5.208333459449932e-05,0.15205420553684235,0.27216917276382446,0.08193869888782501,0.0,4.0,0.0,False,"failures,nonwheel_contact,vx_mae"
method_translate2,1,37,0.5,0.2825997471809387,0.2914809584617615,0.4058536887168884,0.01052235346287489,0.01754401996731758,0.39786726236343384,0.0081515833735466,0.05587459355592728,0.0886034443974495,1.0,1.0,0.0,0.15019835531711578,0.0,0.13548409938812256,0.29510965943336487,0.08714045584201813,0.0,0.0,0.0,False,vx_mae
method_translate2,1,37,-1.0,-0.921546995639801,0.09480384737253189,0.921546995639801,-0.012417590245604515,0.01681670732796192,0.40104925632476807,0.003287874162197113,0.013816699385643005,0.031245656311511993,1.0,1.0,0.0,0.11353456974029541,0.0,0.145647794008255,0.2501635253429413,0.06825069338083267,0.0,0.0,0.0,True,
method_translate2,1,37,1.0,0.6480356454849243,0.4380662739276886,0.6625847816467285,0.006387799978256226,0.020481901243329048,0.398186057806015,0.01050811167806387,0.07800242304801941,0.090311199426651,1.0,1.0,0.0,0.21213167905807495,0.0,0.11038418859243393,0.26648205518722534,0.13587266206741333,0.0,0.0,0.0,False,vx_mae
method_translate2,1,53,0.0,-0.0003134896978735924,0.08712825924158096,0.08712825924158096,0.015718605369329453,0.016923345625400543,0.3983604907989502,0.0021718391217291355,0.011790118180215359,0.034489020705223083,1.0,1.0,0.0,0.042202651500701904,0.0,0.17404142022132874,0.327450692653656,0.03205011785030365,0.0,0.0,0.0,False,vx_mae
method_translate2,1,53,-0.5,-0.6244933605194092,0.12664979696273804,0.6250264644622803,0.004833015613257885,0.014937001280486584,0.3969156742095947,0.003142021130770445,0.013140195980668068,0.03602287918329239,0.9994375109672546,0.999343752861023,0.0,0.03640592470765114,3.645833203336224e-05,0.15148508548736572,0.273522287607193,0.06965433806180954,0.0,1.0,0.0,False,"failures,vx_mae"
method_translate2,1,53,0.5,0.3033428192138672,0.28718113899230957,0.41562527418136597,0.007609386928379536,0.014048121869564056,0.3989109992980957,0.007913079112768173,0.05481532961130142,0.09093838185071945,1.0,1.0,0.0,0.15274518728256226,0.0,0.1372789442539215,0.29755324125289917,0.08580651879310608,0.0,0.0,0.0,False,vx_mae
method_translate2,1,53,-1.0,-0.9321568012237549,0.09392799437046051,0.9321568012237549,-0.010644463822245598,0.01546531543135643,0.4007665812969208,0.003043309785425663,0.012921340763568878,0.02944396808743477,1.0,1.0,0.0,0.10471281409263611,0.0,0.14637911319732666,0.25284621119499207,0.0673414096236229,0.0,0.0,0.0,True,
method_translate2,1,53,1.0,0.6489861607551575,0.4385926425457001,0.6623883843421936,0.005359879694879055,0.020286891609430313,0.3981867730617523,0.010643483139574528,0.07755003869533539,0.09024438261985779,1.0,1.0,0.0,0.21436156332492828,0.0,0.11118891835212708,0.2661183476448059,0.13662973046302795,0.0,0.0,0.0,False,vx_mae
method_translate3_symmetry,1,19,0.0,-0.02896244451403618,0.03301067277789116,0.03301067277789116,0.0018962100148200989,0.002449498977512121,0.4003742039203644,0.0007457764586433768,0.0015031802468001842,0.04390661418437958,1.0,1.0,0.0,0.0006833801162429154,0.0,0.0770346000790596,0.13198843598365784,0.01997588761150837,0.0,0.0,0.0,True,
method_translate3_symmetry,1,19,-0.5,-0.12407895922660828,0.3759211301803589,0.12407895922660828,0.0012568463571369648,0.0029474005568772554,0.39884883165359497,0.0012020452413707972,0.0017081645783036947,0.05030989646911621,1.0,1.0,0.0,0.0008964765584096313,0.0,0.08073621988296509,0.1383758783340454,0.0172133669257164,0.0,0.0,0.0,False,vx_mae
method_translate3_symmetry,1,19,0.5,0.10943728685379028,0.3905625343322754,0.10943728685379028,0.000663815881125629,0.0023637975100427866,0.40195944905281067,0.0019580686930567026,0.0008581988513469696,0.01976785808801651,1.0,1.0,0.0,0.000759456364903599,0.0,0.07304408401250839,0.12396036088466644,0.018586404621601105,0.0,0.0,0.0,False,vx_mae
method_translate3_symmetry,1,19,-1.0,-0.18965449929237366,0.8103455305099487,0.18965449929237366,9.238381608156487e-05,0.0021705403923988342,0.397392213344574,0.002610208000987768,0.0013866119552403688,0.041772328317165375,1.0,1.0,0.0,0.0009376616217195988,0.0,0.08314761519432068,0.14146722853183746,0.0141119584441185,0.0,0.0,0.0,False,vx_mae
method_translate3_symmetry,1,19,1.0,0.3038407862186432,0.696158766746521,0.3038407862186432,-0.00196523847989738,0.0022786762565374374,0.40304720401763916,0.003047599457204342,0.0007845227373763919,0.00620284816250205,1.0,1.0,0.0,0.0007881351048126817,0.0,0.07100842893123627,0.11918888241052628,0.01414528302848339,0.0,0.0,0.0,False,vx_mae
method_translate3_symmetry,1,37,0.0,-0.03331049531698227,0.0348820798099041,0.0348820798099041,0.0017569423653185368,0.00236177584156394,0.40044382214546204,0.0007065366953611374,0.0016798004508018494,0.045712463557720184,1.0,1.0,0.0,0.0006731853936798871,0.0,0.07697932422161102,0.1323338896036148,0.017275232821702957,0.0,0.0,0.0,True,
method_translate3_symmetry,1,37,-0.5,-0.1421499401330948,0.35784998536109924,0.1421499401330948,0.0009001416619867086,0.002606622874736786,0.3987284302711487,0.0012737652286887169,0.001758806873112917,0.052201300859451294,1.0,1.0,0.0,0.0008915761136449873,0.0,0.08189472556114197,0.14008337259292603,0.0222452562302351,0.0,0.0,0.0,False,vx_mae
method_translate3_symmetry,1,37,0.5,0.11601119488477707,0.38398903608322144,0.11601119488477707,0.0005811108858324587,0.002291906625032425,0.4019063115119934,0.00190717913210392,0.0010175728239119053,0.017528939992189407,1.0,1.0,0.0,0.0007381039904430509,0.0,0.0732993558049202,0.12425582110881805,0.015286436304450035,0.0,0.0,0.0,False,vx_mae
method_translate3_symmetry,1,37,-1.0,-0.18460722267627716,0.8153935074806213,0.18460722267627716,-8.293833525385708e-05,0.0019710224587470293,0.39724940061569214,0.002752746921032667,0.001379140536300838,0.04147782921791077,1.0,1.0,0.0,0.0008924156427383423,0.0,0.08322054892778397,0.14155006408691406,0.014412004500627518,0.0,0.0,0.0,False,vx_mae
method_translate3_symmetry,1,37,1.0,0.30974987149238586,0.690250039100647,0.30974987149238586,-0.0017844982212409377,0.002213267143815756,0.4033329486846924,0.0033318442292511463,0.0008594843093305826,0.005467195995151997,1.0,1.0,0.0,0.0008085902081802487,0.0,0.06861531734466553,0.11679740250110626,0.007000013254582882,0.0,0.0,0.0,False,vx_mae
method_translate3_symmetry,1,53,0.0,-0.032258231192827225,0.033218249678611755,0.033218249678611755,0.0018379735993221402,0.0022959427442401648,0.40031710267066956,0.000582482956815511,0.0015298851067200303,0.04411148652434349,1.0,1.0,0.0,0.0006600387278012931,0.0,0.07756193727254868,0.13276320695877075,0.01854654774069786,0.0,0.0,0.0,True,
method_translate3_symmetry,1,53,-0.5,-0.13799796998500824,0.36200186610221863,0.13799796998500824,0.000960185076110065,0.0025239521637558937,0.39835885167121887,0.0016398122534155846,0.001745052170008421,0.050621628761291504,1.0,1.0,0.0,0.00085928023327142,0.0,0.08232088387012482,0.14023898541927338,0.02137460745871067,0.0,0.0,0.0,False,vx_mae
method_translate3_symmetry,1,53,0.5,0.11116548627614975,0.3888342082500458,0.11116548627614975,0.000837392290122807,0.0025676731020212173,0.40237125754356384,0.0023721090983599424,0.0009544285712763667,0.022612862288951874,1.0,1.0,0.0,0.0007943243253976107,0.0,0.07198887318372726,0.12327077984809875,0.01444891095161438,0.0,0.0,0.0,False,vx_mae
method_translate3_symmetry,1,53,-1.0,-0.18447543680667877,0.8155245780944824,0.18447543680667877,0.00033340376103296876,0.002242734655737877,0.39729586243629456,0.0027045058086514473,0.0013883712235838175,0.042035117745399475,1.0,1.0,0.0,0.0009533080738037825,0.0,0.08322316408157349,0.1418420374393463,0.01895439624786377,0.0,0.0,0.0,False,vx_mae
method_translate3_symmetry,1,53,1.0,0.3092929720878601,0.690706729888916,0.3092929720878601,-0.0019879729952663183,0.0023223026655614376,0.4034323990345001,0.003430974902585149,0.000771454069763422,0.004230492748320103,1.0,1.0,0.0,0.0007671623607166111,0.0,0.0688038021326065,0.11694594472646713,0.007586697116494179,0.0,0.0,0.0,False,vx_mae
standing,1,19,0.0,-0.000740336487069726,0.018283195793628693,0.018283195793628693,-0.0016160738887265325,0.004897638224065304,0.4000338315963745,0.0009180835913866758,0.0028290394693613052,0.0030347383581101894,1.0,1.0,0.0,0.0008860968519002199,0.0,0.012598356232047081,0.02229323610663414,0.05605343356728554,0.0,0.0,0.0,True,
standing,1,19,-0.5,-0.4530162811279297,0.05731847882270813,0.4530162811279297,0.005929023493081331,0.016838883981108665,0.39825892448425293,0.0024305700790137053,0.14205697178840637,0.07040048390626907,1.0,1.0,0.0,0.0066400556825101376,0.0,0.050347231328487396,0.18745778501033783,0.11602438986301422,0.0,0.0,0.0,True,
standing,1,19,0.5,0.40670937299728394,0.09329098463058472,0.40670937299728394,-0.0009691862505860627,0.0015879266429692507,0.3923359811306,0.007663531694561243,0.002160751260817051,0.03882145881652832,1.0,1.0,0.0,0.0010507917031645775,0.0,0.1249813437461853,0.2101726233959198,0.004860658664256334,0.0,0.0,0.0,True,
standing,1,19,-1.0,-0.6896625757217407,0.3982471823692322,0.7756654024124146,-0.22044940292835236,0.3143867552280426,0.34696000814437866,0.05391707271337509,0.24867740273475647,0.22690069675445557,0.8360313177108765,0.8225625157356262,0.040687501430511475,0.29101502895355225,0.0017864585388451815,0.0770902931690216,0.21273577213287354,0.30398029088974,0.0,184.0,0.0,False,"failures,nonwheel_contact,wheel_contact,height_mae,vx_mae,yaw_mae"
standing,1,19,1.0,0.6896588802337646,0.5659496784210205,0.8082399964332581,0.23607152700424194,0.29350781440734863,0.3586459755897522,0.04630093649029732,0.26569321751594543,0.21971052885055542,0.839062511920929,0.9287188053131104,0.017687499523162842,0.3793213963508606,0.0,0.060419198125600815,0.1516457498073578,0.21117033064365387,0.0,189.0,0.0,False,"failures,nonwheel_contact,wheel_contact,height_mae,vx_mae,yaw_mae"
standing,1,37,0.0,-0.0035814582370221615,0.01885180175304413,0.01885180175304413,-0.0015463108429685235,0.004997133277356625,0.40021753311157227,0.0009495002450421453,0.0029896963387727737,0.0028393776156008244,1.0,1.0,0.0,0.0009492489625699818,0.0,0.01332123577594757,0.023605281487107277,0.05598597973585129,0.0,0.0,0.0,True,
standing,1,37,-0.5,-0.44256794452667236,0.061313971877098083,0.44256794452667236,0.003413446946069598,0.015642059966921806,0.39899295568466187,0.0013747044140473008,0.13636514544487,0.06670476496219635,1.0,1.0,0.0,0.006107689347118139,0.0,0.050633326172828674,0.18190589547157288,0.11533708870410919,0.0,0.0,0.0,True,
standing,1,37,0.5,0.39845168590545654,0.10154856741428375,0.39845168590545654,-0.00103538588155061,0.0017199214780703187,0.393018901348114,0.006979434750974178,0.0024273013696074486,0.0368104986846447,1.0,1.0,0.0,0.0009773066267371178,0.0,0.12225420027971268,0.20563481748104095,0.00386323151178658,0.0,0.0,0.0,False,vx_mae
standing,1,37,-1.0,-0.6971778273582458,0.40284448862075806,0.7869482636451721,-0.25325891375541687,0.3482215702533722,0.3465215563774109,0.05447551608085632,0.2433391958475113,0.21696822345256805,0.8242500424385071,0.812250018119812,0.043000005185604095,0.3084423542022705,0.0021250001154839993,0.07572512328624725,0.20590218901634216,0.3126484155654907,0.0,198.0,0.0,False,"failures,nonwheel_contact,wheel_contact,height_mae,vx_mae,yaw_mae"
standing,1,37,1.0,0.680105447769165,0.5632774829864502,0.8013431429862976,0.23899433016777039,0.2852041721343994,0.35947543382644653,0.045452579855918884,0.2635185718536377,0.21757233142852783,0.8430312871932983,0.9318750500679016,0.020531252026557922,0.36855944991111755,0.0,0.062462568283081055,0.15329068899154663,0.20441283285617828,0.0,182.0,0.0,False,"failures,nonwheel_contact,wheel_contact,height_mae,vx_mae,yaw_mae"
standing,1,53,0.0,0.001111370511353016,0.019449464976787567,0.019449464976787567,-0.0018019118579104543,0.0051439907401800156,0.4000300168991089,0.0007805222412571311,0.0028404206968843937,0.0034561017528176308,1.0,1.0,0.0,0.0009311186149716377,0.0,0.01209611538797617,0.021475017070770264,0.05596870183944702,0.0,0.0,0.0,True,
standing,1,53,-0.5,-0.45449748635292053,0.04955952614545822,0.45449748635292053,0.012633753940463066,0.0169630516320467,0.3980761766433716,0.0020222030580043793,0.14436079561710358,0.06953327357769012,1.0,1.0,0.0,0.006521375384181738,0.0,0.049602605402469635,0.18633799254894257,0.11779619008302689,0.0,0.0,0.0,True,
standing,1,53,0.5,0.39812377095222473,0.10187603533267975,0.39812377095222473,-0.0006768021266907454,0.0014521796256303787,0.39345893263816833,0.006540629547089338,0.0023314892314374447,0.037405915558338165,1.0,1.0,0.0,0.0009461708250455558,0.0,0.12110699713230133,0.20434518158435822,0.004309661686420441,0.0,0.0,0.0,False,vx_mae
standing,1,53,-1.0,-0.6894437670707703,0.4082927703857422,0.7788547277450562,-0.24342820048332214,0.3480762541294098,0.34495973587036133,0.05569089576601982,0.2526370882987976,0.23027798533439636,0.8164687752723694,0.8040938377380371,0.047468751668930054,0.3116337060928345,0.002179687609896064,0.07432631403207779,0.20190349221229553,0.3107070326805115,0.0,198.0,0.0,False,"failures,nonwheel_contact,wheel_contact,height_mae,vx_mae,yaw_mae"
standing,1,53,1.0,0.6923847794532776,0.554127037525177,0.8037742376327515,0.23777331411838531,0.2859281599521637,0.3591760993003845,0.04601328819990158,0.26234614849090576,0.2159736156463623,0.8414063453674316,0.9308438301086426,0.0188750009983778,0.3709208369255066,0.0,0.06337276101112366,0.15595918893814087,0.208529531955719,0.0,185.0,0.0,False,"failures,nonwheel_contact,wheel_contact,height_mae,vx_mae,yaw_mae"
low_speed,1,19,0.0,0.13112226128578186,0.13112226128578186,0.13112226128578186,0.06015336140990257,0.06015336140990257,0.3952323794364929,0.0047678761184215546,0.10057856142520905,0.005293645430356264,1.0,1.0,0.0,0.002447905018925667,0.0,0.0031578324269503355,0.06964930891990662,0.017882797867059708,0.0,0.0,0.0,False,vx_mae
low_speed,1,19,-0.5,-0.081596739590168,0.41840341687202454,0.09247291833162308,0.02714858576655388,0.030371002852916718,0.3914754092693329,0.008524425327777863,0.13731636106967926,0.026173198595643044,1.0,1.0,0.0,0.003626840189099312,0.0,0.017451629042625427,0.12598009407520294,0.022257408127188683,0.0,0.0,0.0,False,vx_mae
low_speed,1,19,0.5,0.30180320143699646,0.19819678366184235,0.30180320143699646,0.1747654229402542,0.1747654229402542,0.39874258637428284,0.0018182126805186272,0.07739662379026413,0.027289746329188347,1.0,1.0,0.0,0.003186390269547701,0.0,0.014802693389356136,0.03993916139006615,0.017566952854394913,0.0,0.0,0.0,False,"vx_mae,yaw_mae"
low_speed,1,19,-1.0,-0.40744441747665405,0.592555820941925,0.40744441747665405,0.021913224831223488,0.02590346708893776,0.38408663868904114,0.015913236886262894,0.20132365822792053,0.09017826616764069,1.0,1.0,0.0,0.01030908152461052,0.0,0.04572710767388344,0.2259112298488617,0.04754476994276047,0.0,0.0,0.0,False,vx_mae
low_speed,1,19,1.0,0.5179317593574524,0.48206818103790283,0.5179317593574524,0.21610960364341736,0.2168745994567871,0.4015863537788391,0.0016633918276056647,0.08192561566829681,0.059889063239097595,1.0,1.0,0.0,0.006973407231271267,0.0,0.06594552099704742,0.08119865506887436,0.019962437450885773,0.0,0.0,0.0,False,"vx_mae,yaw_mae"
low_speed,1,37,0.0,0.11098035424947739,0.11098035424947739,0.11098035424947739,0.0635986328125,0.0635986328125,0.3950786292552948,0.004920400679111481,0.11020499467849731,0.004617978818714619,1.0,1.0,0.0,0.003150609554722905,0.0,0.0034310445189476013,0.07712096720933914,0.021360861137509346,0.0,0.0,0.0,False,vx_mae
low_speed,1,37,-0.5,-0.06310637295246124,0.43689388036727905,0.07753336429595947,0.02503584884107113,0.027980204671621323,0.3915824890136719,0.00841769203543663,0.13054363429546356,0.0230576079338789,1.0,1.0,0.0,0.0031071265693753958,0.0,0.017660001292824745,0.1202167421579361,0.019803842529654503,0.0,0.0,0.0,False,vx_mae
low_speed,1,37,0.5,0.3012573719024658,0.1987425982952118,0.3012573719024658,0.17585784196853638,0.17585784196853638,0.3985457122325897,0.0015078522264957428,0.0864102840423584,0.027252161875367165,1.0,1.0,0.0,0.00390687957406044,0.0,0.017148692160844803,0.04403483122587204,0.01825886033475399,0.0,0.0,0.0,False,"vx_mae,yaw_mae"
low_speed,1,37,-1.0,-0.41578051447868347,0.5842196941375732,0.41578051447868347,0.019699685275554657,0.02370118536055088,0.38326552510261536,0.016734791919589043,0.20459268987178802,0.09200476109981537,1.0,1.0,0.0,0.011030389927327633,0.0,0.046316199004650116,0.23014363646507263,0.049337856471538544,0.0,0.0,0.0,False,vx_mae
low_speed,1,37,1.0,0.508314311504364,0.49168577790260315,0.508314311504364,0.2831498980522156,0.2831633687019348,0.40192049741744995,0.0022418422158807516,0.08063944429159164,0.05908249691128731,1.0,1.0,0.0,0.007757284212857485,0.0,0.043569594621658325,0.0527547225356102,0.014561528339982033,0.0,0.0,0.0,False,"vx_mae,yaw_mae"
low_speed,1,53,0.0,0.13630682229995728,0.13630682229995728,0.13630682229995728,0.058119840919971466,0.058119840919971466,0.39524251222610474,0.004757534712553024,0.0996270626783371,0.005923423450440168,1.0,1.0,0.0,0.0023705074563622475,0.0,0.00360622676089406,0.06818912923336029,0.016948377713561058,0.0,0.0,0.0,False,vx_mae
low_speed,1,53,-0.5,-0.055567119270563126,0.4444330334663391,0.06945087015628815,0.024248037487268448,0.027048887684941292,0.3907245397567749,0.009275157004594803,0.13356681168079376,0.021656788885593414,1.0,1.0,0.0,0.00464511988684535,0.0,0.017038382589817047,0.12070870399475098,0.019302206113934517,0.0,0.0,0.0,False,vx_mae
low_speed,1,53,0.5,0.28153377771377563,0.21846623718738556,0.28153377771377563,0.16021572053432465,0.16021572053432465,0.3994099497795105,0.0010536843910813332,0.0814380943775177,0.024514460936188698,1.0,1.0,0.0,0.003244344610720873,0.0,0.015239723026752472,0.04239277541637421,0.020530566573143005,0.0,0.0,0.0,False,"vx_mae,yaw_mae"
low_speed,1,53,-1.0,-0.4121650159358978,0.5878351926803589,0.4121650159358978,0.0147571861743927,0.02239871770143509,0.38363754749298096,0.01636160910129547,0.2021777629852295,0.09133623540401459,1.0,1.0,0.0,0.01190903875976801,0.0,0.046205200254917145,0.22807487845420837,0.04798758402466774,0.0,0.0,0.0,False,vx_mae
low_speed,1,53,1.0,0.49239644408226013,0.507603645324707,0.49239644408226013,0.19151213765144348,0.19246311485767365,0.4020402133464813,0.0021243353839963675,0.08910563588142395,0.057167068123817444,1.0,1.0,0.0,0.007170842960476875,0.0,0.06643019616603851,0.07831589132547379,0.021839506924152374,0.0,0.0,0.0,False,"vx_mae,yaw_mae"
low_speed_tracking,1,19,0.0,0.20372983813285828,0.20372983813285828,0.20372983813285828,0.15035627782344818,0.15035627782344818,0.39407962560653687,0.00592068349942565,0.10703036189079285,0.0077047161757946014,1.0,1.0,0.0,0.005453864112496376,0.0,0.014317180961370468,0.06049807369709015,0.014665734022855759,0.0,0.0,0.0,False,"vx_mae,yaw_mae"
low_speed_tracking,1,19,-0.5,-0.01191911194473505,0.48808109760284424,0.06627573072910309,0.05847273766994476,0.05914736166596413,0.39057111740112305,0.009429019875824451,0.13144156336784363,0.022743020206689835,1.0,1.0,0.0,0.004798726178705692,0.0,0.004767314530909061,0.10131336748600006,0.019003234803676605,0.0,0.0,0.0,False,vx_mae
low_speed_tracking,1,19,0.5,0.38675737380981445,0.11324267834424973,0.38675737380981445,0.29395967721939087,0.29395967721939087,0.3979177474975586,0.0022677266970276833,0.08795858919620514,0.036552563309669495,1.0,1.0,0.0,0.00673958333209157,0.0,0.024665571749210358,0.040395934134721756,0.015477297827601433,0.0,0.0,0.0,False,"vx_mae,yaw_mae"
low_speed_tracking,1,19,-1.0,-0.4209887385368347,0.5790113210678101,0.4209887385368347,0.014741150662302971,0.018206436187028885,0.383778840303421,0.01622115820646286,0.20786502957344055,0.09994211047887802,1.0,1.0,0.0,0.012554715387523174,0.0,0.03694526106119156,0.21414902806282043,0.05532166361808777,0.0,0.0,0.0,False,vx_mae
low_speed_tracking,1,19,1.0,0.5819182991981506,0.418081670999527,0.5819182991981506,0.19834956526756287,0.20674191415309906,0.3974887728691101,0.003929560072720051,0.08160822093486786,0.07218727469444275,1.0,1.0,0.0,0.01596146821975708,0.0,0.1144348606467247,0.15855759382247925,0.028684811666607857,0.0,2.0,0.0,False,"failures,vx_mae,yaw_mae"
low_speed_tracking,1,37,0.0,0.18860244750976562,0.18860244750976562,0.18860244750976562,0.1482478380203247,0.1482478380203247,0.3939319849014282,0.006069534458220005,0.11532624065876007,0.0061567435041069984,1.0,1.0,0.0,0.006065682508051395,0.0,0.014940737746655941,0.06601621955633163,0.01735607162117958,0.0,0.0,0.0,False,"vx_mae,yaw_mae"
low_speed_tracking,1,37,-0.5,0.007604043465107679,0.5076040029525757,0.057510193437337875,0.04876398667693138,0.05051761865615845,0.39084869623184204,0.009151281788945198,0.12270614504814148,0.019779499620199203,1.0,1.0,0.0,0.0038456572219729424,0.0,0.004507692996412516,0.09348753094673157,0.01630488410592079,0.0,0.0,0.0,False,vx_mae
low_speed_tracking,1,37,0.5,0.3901748061180115,0.10982514917850494,0.3901748061180115,0.29708486795425415,0.29708486795425415,0.3976892828941345,0.0023121656849980354,0.09512755274772644,0.037149567157030106,1.0,1.0,0.0,0.007509090472012758,0.0,0.0264003686606884,0.043717995285987854,0.015458175912499428,0.0,0.0,0.0,False,"vx_mae,yaw_mae"
low_speed_tracking,1,37,-1.0,-0.43554264307022095,0.5644575357437134,0.43554264307022095,0.0222378708422184,0.02544581890106201,0.3828999698162079,0.017099983990192413,0.21361324191093445,0.10355795919895172,1.0,1.0,0.0,0.012448818422853947,0.0,0.0369517058134079,0.21945437788963318,0.05808677151799202,0.0,0.0,0.0,False,vx_mae
low_speed_tracking,1,37,1.0,0.5779210329055786,0.42694091796875,0.5806049108505249,0.19473779201507568,0.201455757021904,0.39709675312042236,0.004375828430056572,0.10001720488071442,0.07529790699481964,0.9965624809265137,0.9986250400543213,9.375000081490725e-05,0.021417057141661644,0.0,0.11450301855802536,0.15441565215587616,0.030358992516994476,0.0,5.0,0.0,False,"failures,nonwheel_contact,vx_mae,yaw_mae"
low_speed_tracking,1,53,0.0,0.21044808626174927,0.21044808626174927,0.21044808626174927,0.14982596039772034,0.14982596039772034,0.3940832018852234,0.0059147910214960575,0.10656440258026123,0.008286610245704651,1.0,1.0,0.0,0.00501962099224329,0.0,0.015161290764808655,0.059272125363349915,0.01330922544002533,0.0,0.0,0.0,False,"vx_mae,yaw_mae"
low_speed_tracking,1,53,-0.5,0.0178994107991457,0.5178993344306946,0.05455905199050903,0.051147229969501495,0.051774803549051285,0.3902507722377777,0.00975004956126213,0.12260250747203827,0.01790258288383484,1.0,1.0,0.0,0.003384525654837489,0.0,0.00468364916741848,0.09155721217393875,0.015445352531969547,0.0,0.0,0.0,False,vx_mae
low_speed_tracking,1,53,0.5,0.36818602681159973,0.13181401789188385,0.36818602681159973,0.28151166439056396,0.28151166439056396,0.3984888792037964,0.0015628336695954204,0.09089596569538116,0.03361375629901886,1.0,1.0,0.0,0.006550035439431667,0.0,0.024957485496997833,0.04192781448364258,0.017824145033955574,0.0,0.0,0.0,False,"vx_mae,yaw_mae"
low_speed_tracking,1,53,-1.0,-0.4532540440559387,0.546746015548706,0.4532540440559387,0.028492573648691177,0.02944989688694477,0.3820847272872925,0.017916565760970116,0.21803224086761475,0.1080302894115448,1.0,1.0,0.0,0.013052106834948063,0.0,0.03903201222419739,0.22821961343288422,0.0612000897526741,0.0,0.0,0.0,False,vx_mae
low_speed_tracking,1,53,1.0,0.5532125234603882,0.45192843675613403,0.5554677844047546,0.0850975513458252,0.09552706032991409,0.39616119861602783,0.004749468993395567,0.10124807059764862,0.07059349864721298,0.9964374899864197,0.9984999895095825,0.0001250000059371814,0.020029239356517792,0.0,0.1439400613307953,0.19630587100982666,0.03868431597948074,0.0,7.0,0.0,False,"failures,nonwheel_contact,vx_mae"
